م,التاريخ,اسم العميل,رقم التليفون,البرنامج (زي ما اتكتب في الجروب),التصنيف,السيلز
1,2025-09-06,نبيل فريد محمد احمد عبد الهادي,01000047925,حج اقتصادي تحسين 5نجوم,حج تحسين (قرعة),احمد خليل
2,2025-09-06,جيهان سيد اسماعيل عبدالباقي,01000047925,حج  اقتصادي تحسين 5نجوم,حج تحسين (قرعة),احمد خليل
3,2025-09-11,احمد رجب حامد,01557558155,حج طيران اقتصادي تحسين 5نجوم 8 ايام,حج تحسين (قرعة),Ibrahim Elkhatib
4,2025-09-11,شاديه احمد عليوه,01006796287,حج طيران اقتصادي تحسين 5نجوم 8 ايام,حج تحسين (قرعة),Ibrahim Elkhatib
5,2025-09-11,احمد اشرف محمد حلمى المصرى,01101108900,حج طيران اقتصادى تحسين4 ايام,حج تحسين (قرعة),Ibrahim Elkhatib
6,2025-09-13,مستر شريف حجاز وزوجته,مش مكتوب في الشات,حج طيران اقتصادى تحسين4 ايام,حج تحسين (قرعة),Ibrahim Elkhatib
7,2025-09-13,مدام هاله,مش مكتوب في الشات,حج طيران اقتصادى تحسين4 ايام,حج تحسين (قرعة),Ibrahim Elkhatib
8,2025-09-13,مستر محمد أمين وزجته,مش مكتوب في الشات,حج طيران اقتصادى تحسين4 ايام,حج تحسين (قرعة),Ibrahim Elkhatib
9,2025-09-13,أحمد سعد,01148258101,حج طيران اقتصادى تحسين8 ايام,حج تحسين (قرعة),Ibrahim Elkhatib
10,2025-09-14,نجلاء حسنى \حمدى عبدالمنعم,01066203926,حج طيران اقتصادى تحسين8 ايام,حج تحسين (قرعة),Ibrahim Elkhatib
11,2025-09-16,فوزى عبدالحميد عبدالقوى\نوال محمد عبدالمحسن,01002998632,حج طيران اقتصادى تحسين 8 ايام,حج تحسين (قرعة),Ibrahim Elkhatib
12,2025-09-16,سمير مصطفي عبد الحميد/عزه عبد الوهاب عبد الحميد,01143325002,حج طيران اقتصادى تحسين 8 ايام,حج تحسين (قرعة),هنادي
13,2025-09-16,مستر ثروت /جيهان,مش مكتوب في الشات,حج طيران اقتصادى تحسين 8 ايام,حج تحسين (قرعة),Ibrahim Elkhatib
14,2025-09-18,ايناس محمد محمد / زوجها ..محمد مصطفي هاشم / استماره مزدوجه,01059849829,حج طيران اقتصادي تحسين,حج تحسين (قرعة),هنادي
15,2025-09-18,محمد ابودهب محمد / زوجتو .. مشيره اسماعيل عبدالمنعم/ استماره مزدوجه,01006086499,حج طيران اقتصادي تحسين,حج تحسين (قرعة),عبدالرحمن سيلز
16,2025-09-20,كمال محمد,01129666618,تحسين 8 ايام,حج تحسين (قرعة),Ibrahim Elkhatib
17,2025-09-23,مصطفى احمد مهدي سنوسي,01096800684,حج اقتصادي تحسين,حج تحسين (قرعة),شيماء حج
18,2025-09-24,نورهان أوسامه محمد \نهال أوسامه\ نهله محمد موسى\ناريمان محمد موسى/ احمد محمد موسى,01006526368,حج طيران اقتصادى تحسين4 ايام,حج تحسين (قرعة),Ibrahim Elkhatib
19,2025-09-24,عزه محمدامين/ محمد احمد توفيق ( ابن) / امانى حمدى (زوجه),01008278736,حج طيران اقتصادي تحسين 5نجوم,حج تحسين (قرعة),Ibrahim Elkhatib
20,2025-09-25,عاطف يوسف عبد العزيز,01091005924,حج اقتصادي تحسين,حج تحسين (قرعة),هنادي
21,2025-09-29,السيد عبد الغني,مش مكتوب في الشات,تحسين اقتصادي 250,حج تحسين (قرعة),ملك
22,2025-09-30,بسمه صلاح الدين البسطاوي,01010654022,حج طيران اقتصادي تحسين خمس نجوم,حج تحسين (قرعة),عبدالرحمن سيلز
23,2025-10-04,مني كامل مصطفي مرسي,01065619760,حج طيران اقتصادي تحسين 5نجومتمام,حج تحسين (قرعة),احمد سيلز
24,2025-10-11,سوزي عبداللطيف عبداللطيف,01004656276,برنامج اقتصادي تحسين,حج تحسين (قرعة),Abdalrhman📌
25,2025-10-12,جمعه عبدالعاطي محمد وزوجته سميحه أحمد جاب الله,01147079509,250 الف حج 5 نجوم,حج تحسين (قرعة),Aya Fts
26,2025-10-12,محمد احمد عبد الجواد / زوجته هند لملوم,01151015515,تحسين 5 نجوم 250 الف,حج تحسين (قرعة),ملك
27,2025-10-12,اسامه عصمت / زوجته مني جمال,01151015515,تحسين 250 الف,حج تحسين (قرعة),ملك
28,2025-10-12,دعاء محمد محمد,01011819225,تحسين 250 الف,حج تحسين (قرعة),هنادي
29,2025-10-19,هبه محمد مأمون,01211953456,حج طيران تحسين,حج تحسين (قرعة),هنادي
30,2025-10-20,خديجه محمد ابراهيم متولي,01004386096,حج طيران اقتصادي تحسين 250,حج تحسين (قرعة),احمد خليل
31,2025-10-20,سامية عبدالمنعم حسانين ابراهيم,01096667836,حج طيران اقتصادي تحسين 250,حج تحسين (قرعة),شيماء حج
32,2025-10-22,امل مصطفي علي,01096113324,طيران تحسين 20 يوم,حج تحسين (قرعة),Abdalrhman📌
33,2025-10-23,زينب محمد خليفة,01096667836,تحسين 20 يوم,حج تحسين (قرعة),شيماء حج
34,2025-10-24,هيام محمود عبدالرحمن محمد,01096667836,تحسين 20 يوم,حج تحسين (قرعة),شيماء حج
35,2025-10-25,ياسر سعيد مصطفي علي,01001691643,طيران تحسين 8 ايام,حج تحسين (قرعة),احمد سيلز
36,2025-10-26,احمد سعيد وزوجته داليا محمد,01009232269,بري  تحسين,حج تحسين (قرعة),Aya Fts
37,2025-10-26,حسن علي سعيد / ساره بهجت,01094348405,تحسين 8 ايام,حج تحسين (قرعة),هنادي
38,2025-10-30,عائشه محمد جمال,01001402087,طيران تحسين,حج تحسين (قرعة),Aya Fts
39,2025-11-12,داليا عبد النبي توفيق /ولدتها ..فاطمه محمد علي,01005039168,395+17الف فترة تحسين,حج تحسين (قرعة),هنادي
40,2025-11-13,عادل مبروك عبدالرازق,01227935515,اقتصادي + تحسين,حج تحسين (قرعة),Abdalrhman📌
41,2025-11-15,سهير فوزي محروس متولي,01149286965,395 تحسين,حج تحسين (قرعة),احمد سيلز
42,2025-11-16,حسن محمد رضوان علم الدين,01001671156,425 بتحسين,حج تحسين (قرعة),احمد سيلز
43,2025-09-06,محمد سامي عزب,01009511896,حج طيران اقتصادي,حج طيران اقتصادي (قرعة),Mohamed Samy
44,2025-09-14,فايزه حسن / خالد شعبان,01070165947,حج طيران اقتصادي,حج طيران اقتصادي (قرعة),ملك
45,2025-09-16,سهير طهه,01097954056,حج طيران اقتصادي,حج طيران اقتصادي (قرعة),ملك
46,2025-09-16,سيد موسي,01097954056,حج طيران اقتصادي,حج طيران اقتصادي (قرعة),هنادي
47,2025-09-16,أمجد انور / عفاف احمد,01063467910,حج طيران اقتصادي,حج طيران اقتصادي (قرعة),ملك
48,2025-09-17,علاء رمضان/ناديه سعيد والدته/ محمد عبدالعزيز ابن عمه,01111167641,حج طيران اقتصادي,حج طيران اقتصادي (قرعة),Ibrahim Elkhatib
49,2025-09-19,فاطمه الزهراء,01128690873,حج طيران اقتصادي,حج طيران اقتصادي (قرعة),ملك سيلز
50,2025-09-19,اميمه طه احمد ابراهيم,01142700735,حج طيران اقتصادي,حج طيران اقتصادي (قرعة),هنادي
51,2025-09-21,فاطمه عبدالله محمد,01119510368,حج طيران اقتصادي,حج طيران اقتصادي (قرعة),هنادي
52,2025-09-22,هشام عجلان,01108307363,حج اقتصادي,حج طيران اقتصادي (قرعة),ملك
53,2025-09-22,لمياء محمد احمد,01003890376,حج اقتصادي,حج طيران اقتصادي (قرعة),ملك
54,2025-09-23,نبيله انور رجب,01005103137,حج اقتصادي,حج طيران اقتصادي (قرعة),Ibrahim Elkhatib
55,2025-09-23,عمرو علي,01115110440,حج اقتصادي,حج طيران اقتصادي (قرعة),ملك
56,2025-09-23,جمال محمد محمد سرحان,01005753731,حج اقتصادي,حج طيران اقتصادي (قرعة),عبدالرحمن سيلز
57,2025-09-23,حسن محمد,01060738598,حج اقتصادي199,حج طيران اقتصادي (قرعة),ملك سيلز
58,2025-09-23,عثمان احمد,01091673884,حج اقتصادي195,حج طيران اقتصادي (قرعة),ملك
59,2025-09-24,عمرو محمد حسين خليفه,01028256484,حج طيران اقتصادي,حج طيران اقتصادي (قرعة),Abdalrhman📌
60,2025-09-25,رانيا نجدي / باسم السيد,مش مكتوب في الشات,حج اقتصادي,حج طيران اقتصادي (قرعة),ملك
61,2025-09-25,حنان ابراهيم,01125760606,حج اقتصادي,حج طيران اقتصادي (قرعة),هنادي
62,2025-09-26,عامر محمد سيد,مش مكتوب في الشات,حج اقتصادي,حج طيران اقتصادي (قرعة),Karim Alaa
63,2025-09-27,ماجد صلاح احمد,01145132692,حج اقتصادي,حج طيران اقتصادي (قرعة),Abdalrhman📌
64,2025-09-27,نصر الدين محمد مرسي,01033540069,حج طيران اقتصادي,حج طيران اقتصادي (قرعة),Abdalrhman📌
65,2025-09-28,العوضي محمد,01033540069,حج طيران اقتصادي,حج طيران اقتصادي (قرعة),هنادي
66,2025-09-29,عاطف عبد الرءوف/ امل توفيق,01020001025,حج طيران اقتصادي,حج طيران اقتصادي (قرعة),هنادي
67,2025-09-29,عبير محمد عزت,01224814498,حج طيران اقتصادي,حج طيران اقتصادي (قرعة),هنادي
68,2025-09-29,محمد فتحي محمد,01143279168,حج طيران اقتصادي,حج طيران اقتصادي (قرعة),Abdalrhman📌
69,2025-09-29,احمد لطفي محمد,01006399431,حج طيران اقتصادي,حج طيران اقتصادي (قرعة),هنادي
70,2025-09-29,هبة الله محمد,01067859246,حج طيران اقتصادي,حج طيران اقتصادي (قرعة),هنادي
71,2025-09-29,سيد محمد / ولدته سيده فواد,012233454559,حج اقتصادي 199 الف,حج طيران اقتصادي (قرعة),ملك
72,2025-09-30,محمد محمد جاد,01003312217,حج طيران اقتصادي,حج طيران اقتصادي (قرعة),عبدالرحمن سيلز
73,2025-09-30,كامليه بكري,01000005615,حج طيران اقتصادي,حج طيران اقتصادي (قرعة),Abdalrhman📌
74,2025-10-05,محمد محمود,01095559142,اقتصادي 199,حج طيران اقتصادي (قرعة),ملك
75,2025-10-07,محمد حسن احمد حميد,01100980497,حج طيران اقتصادي,حج طيران اقتصادي (قرعة),Abdalrhman📌
76,2025-10-08,ياسر نور الدين عبدالله محمد / وفاء إبراهيم عبدالغني إبراهيم,01159459797,حج اقتصادي طيران,حج طيران اقتصادي (قرعة),Aya Fts
77,2025-10-08,أحمد حسن أمام حسن / اميمه عبد التواب دسوقي محمد,01159459797,حج اقتصادي طيران,حج طيران اقتصادي (قرعة),Aya Fts
78,2025-10-08,محمد علي عبده علي الحداد,01001819337,حج طيران اقتصادي,حج طيران اقتصادي (قرعة),احمد خليل
79,2025-10-08,امل السيد حسن,01118861995,اقتصادي 199 الف,حج طيران اقتصادي (قرعة),هنادي
80,2025-10-10,كارمن محمد فوزي,01551238430,حج طيران اقتصادي,حج طيران اقتصادي (قرعة),هنادي
81,2025-10-11,مني أحمد ذكي,01006118233,حج طيران اقتصادي,حج طيران اقتصادي (قرعة),Aya Fts
82,2025-10-11,شريف سعيد عبد الستار ابراهيم,01112755213,حج طيران  199,حج طيران اقتصادي (قرعة),احمد سيلز
83,2025-10-11,سالمه نوري فضل الله الحوات,01004680761,حج طيران  199,حج طيران اقتصادي (قرعة),احمد سيلز
84,2025-10-11,راندا صلاح الدين عبد الحميد الشرقاوي,01224404458,حج طيران  199,حج طيران اقتصادي (قرعة),احمد سيلز
85,2025-10-13,رحاب احمد فواد عثمان السعدي,01004411417,حج طيران  199,حج طيران اقتصادي (قرعة),احمد سيلز
86,2025-10-13,شيماء محمد محمد سالم الطيب,01032794695,حج طيران  199,حج طيران اقتصادي (قرعة),احمد سيلز
87,2025-10-14,ايمن حمدي ابو سريع و اشرف علي طلبه,01096027106,حج طيران  250,حج طيران اقتصادي (قرعة),Aya Fts
88,2025-10-19,سلوي عبدالعاطي,01015627234,طيران 220,حج طيران اقتصادي (قرعة),Aya Fts
89,2025-10-19,رضا فهمي احمد عبدالله,01004671506,حج طيران اقتصادي220,حج طيران اقتصادي (قرعة),احمد خليل
90,2025-10-21,عزه فواد محمد,01278933775,طياران اقتصادي 16 يوم,حج طيران اقتصادي (قرعة),Abdalrhman📌
91,2025-10-22,صلاح عبده محمد,01013592799,طياران اقتصادي 16 يوم,حج طيران اقتصادي (قرعة),Abdalrhman📌
92,2025-10-23,محمد رجب عبد الخالق,01014875549,طيران اقتصادي  220,حج طيران اقتصادي (قرعة),احمد سيلز
93,2025-10-27,كامل علي ابو زيد ابراهيم,01277757942,طيران 220,حج طيران اقتصادي (قرعة),احمد سيلز
94,2025-10-29,صافي ناز علي حسنين خليل حمزه,01001628232,طيران 220,حج طيران اقتصادي (قرعة),احمد سيلز
95,2025-10-29,صفاء احمد حميده,01271475078,اقتصادي طيران 220,حج طيران اقتصادي (قرعة),Abdalrhman📌
96,2025-10-29,نجوي محمد عبدالله,01094161003,اقتصادي طيران 250,حج طيران اقتصادي (قرعة),Abdalrhman📌
97,2025-10-19,عزه عبدالله محمد,01096119835,بري,حج بري (قرعة),Abdalrhman📌
98,2025-10-22,محمد جمعه مخلوف,مش مكتوب في الشات,بري   16 يوم,حج بري (قرعة),Abdalrhman📌
99,2025-10-22,طارق عبد العزيز محمد محمود,01005191385,حج بري,حج بري (قرعة),احمد خليل
100,2025-10-22,جمال ابراهيم عبد المقصود احمد غنيم,01064475109,بري   16 يوم,حج بري (قرعة),احمد سيلز
101,2025-10-23,محمد عادل دسوقي,01005217645,حج بري,حج بري (قرعة),هنادي
102,2025-10-23,اسلام عادل دسوقي,01005217645,بري 16 يوم,حج بري (قرعة),هنادي
103,2025-10-24,محمد عبد الصبور عبد الرحيم عمار,01226908389,190,حج بري (قرعة),احمد سيلز
104,2025-10-24,عمرو امام عبده امام,01156795434,بري 190,حج بري (قرعة),احمد سيلز
105,2025-10-25,مني جمال الدين محمد,مش مكتوب في الشات,حج بري,حج بري (قرعة),احمد سيلز
106,2025-10-26,عبدالرحمن مرسي عبدالرحمن مرسي,01002030435,بري,حج بري (قرعة),شيماء حج
107,2025-10-26,حمزه عاشور محمود احمد,01002030435,بري,حج بري (قرعة),احمد سيلز
108,2025-10-26,ابراهيم عبد ربه,01280927909,بري,حج بري (قرعة),هنادي
109,2025-10-26,عمرو محمد مصطفى,01144401030,بري,حج بري (قرعة),شيماء حج
110,2025-10-27,احمد محمد عوض عبد الباقي,01001628232,بري,حج بري (قرعة),احمد سيلز
111,2025-10-27,سامح وحيد محمد اسماعيل,01021090785,بري,حج بري (قرعة),احمد سيلز
112,2025-10-27,حنان صابر احمد,01210584820,بري,حج بري (قرعة),هنادي
113,2025-10-27,وليد محمد محمد ابراهيم,01014942042,بري 16 يوم,حج بري (قرعة),Abdalrhman📌
114,2025-10-27,رفاعي محمد حسين,01007977849,بري  16 يوم,حج بري (قرعة),Abdalrhman📌
115,2025-10-28,ايمان سعيد عباس,01114448443,بري 16 يوم,حج بري (قرعة),Abdalrhman📌
116,2025-10-29,مني كمال حامد زياده,01142433340,بري,حج بري (قرعة),احمد سيلز
117,2025-10-29,هيثم محمد حامد ابراهيم سليمان,01001628232,بري,حج بري (قرعة),احمد سيلز
118,2025-10-29,عاطف محمد فراج وزوجته,01227732265,بري,حج بري (قرعة),Aya Fts
119,2025-10-29,احمد محمد احمد اسماعيل,01112349131,بري,حج بري (قرعة),احمد سيلز
120,2025-10-29,عدليه ابراهيم منصور / فاطمه ابراهيم منصور,01095367454,بري 190,حج بري (قرعة),هنادي
121,2025-10-29,هناء محمد احمد السيد,01097082887,بري,حج بري (قرعة),شيماء حج
122,2025-10-30,صفيه محمد ابراهيم,01142520355,بري,حج بري (قرعة),هنادي
123,2025-10-30,محمد احمد عبد ربه,01004073275,بري,حج بري (قرعة),Aya Fts
124,2025-10-30,جمعة عبدربه عبدالرازق,01068807364,بري,حج بري (قرعة),شيماء حج
125,2025-10-30,عبد الباسط السيد,01559655617,بري,حج بري (قرعة),هنادي
126,2025-10-30,امينه محمد رمضان غريب,مش مكتوب في الشات,بري,حج بري (قرعة),احمد سيلز
127,2025-10-30,محمود احمد محمود,01287322936,بري,حج بري (قرعة),شيماء حج
128,2025-09-12,محمد مجدى محمد عقده,01284471304,حج طيران 5 نجوم سويس,حج مباشر,Ibrahim Elkhatib
129,2025-09-12,مصطفى السيد محمد عقده,01284471304,حج طيران 5 نجوم سويس,حج مباشر,Ibrahim Elkhatib
130,2025-09-13,ايمان العربى بكرى,01284471304,حج طيران 5 نجوم سويس,حج مباشر,Ibrahim Elkhatib
131,2025-10-11,راجيه محمد ابراهيم,01001287666,حج طيران 5 نجوم,حج مباشر,Ibrahim Elkhatib
132,2025-11-06,اميمه طه احمد ابراهيم,01142700735,حج مباشر رسمي,حج مباشر,هنادي
133,2025-11-07,هيام عبد المحسن,مش مكتوب في الشات,حج مباشر رسمي,حج مباشر,هنادي
134,2025-11-07,عاطف عبد الرءوف / امل توفيق عاشور,01020001025,حج مباشر رسمي,حج مباشر,هنادي
135,2025-11-07,محمد رجب عبد الخالق,01014875549,395,حج مباشر,احمد سيلز
136,2025-11-08,فرج محمد عبد الفتاح,01003336804,395,حج مباشر,احمد سيلز
137,2025-11-09,سماح محمد,01000036369,450,حج مباشر,ملك
138,2025-11-10,قدريه محمد محمد / مصطفي يوسف سيد /اروي احمد يونس / احمد يوسف سيد,01227512690,برنامج 450,حج مباشر,هنادي
139,2025-11-10,مهريبان محمد محمد,01019993344,5 نجوم,حج مباشر,هنادي
140,2025-11-11,مجدي علي رمضان,01066661454,برنامج بدون عزيزيه,حج مباشر,Abdalrhman📌
141,2025-11-11,صفاء إبراهيم سيد احمد محمد,01122285980,برنامج بدون عزيزيه 550,حج مباشر,احمد سيلز
142,2025-11-11,عزه فواد محمد,01278933775,خمس نجوم,حج مباشر,Abdalrhman📌
143,2025-11-12,داليا عبد النبي توفيق,01005039168,4 نجوم,حج مباشر,هنادي
144,2025-11-12,جمال احمد حسين,01005357879,حج مباشر 395,حج مباشر,Abdalrhman📌
145,2025-11-12,مصباح رمضان عبدالباقي حميده,01005857159,395,حج مباشر,احمد سيلز
146,2025-11-13,الغمري شعبان الغمري الغمري,01005857159,395,حج مباشر,احمد سيلز
147,2025-11-13,اماني فواد علي محمد,01004956961,حج مباشر 395,حج مباشر,احمد خليل
148,2025-11-13,راندا صلاح الدين عبد الحميد الشرقاوي,01224404458,حج مباشر 395,حج مباشر,احمد سيلز
149,2025-11-15,نهله محمد امام الحوت,01004683072,550,حج مباشر,احمد سيلز
150,2025-11-15,رحاب محسن احمد امين,01064976366,395,حج مباشر,احمد سيلز
151,2025-11-16,صفاء احمد محمود الصيفي,01205551942,425,حج مباشر,احمد سيلز
152,2025-11-17,عبد العزيز ابراهيم سالم,01063207336,اقتصادي 425,حج مباشر,هنادي
153,2025-11-18,احمد مصطفي احمد,01153290000,حج مباشر 475,حج مباشر,Abdalrhman📌
154,2025-11-19,يحي احمد شبيب محمود,01227370286,475,حج مباشر,احمد سيلز
155,2025-11-20,سعاد انور محمد عبدالرحمن,01110006267,425,حج مباشر,احمد سيلز
156,2025-11-20,سعاد عبد الغفار احمد العجمي,01016759555,425,حج مباشر,احمد سيلز
157,2025-11-20,محمد فوزي محمد سلام,01223649601,425,حج مباشر,احمد سيلز
158,2025-11-22,كمال سليمان علي سليمان,01223287649,425,حج مباشر,احمد سيلز
159,2025-11-22,سميه حلمي عبد الرحمن علي,01116913171,425,حج مباشر,احمد سيلز
160,2025-11-23,محمد حسن ابراهيم عبدالله,01278665133,425,حج مباشر,احمد سيلز
161,2025-11-23,محمد طلعت حسن ابو شاهين,01000407974,425,حج مباشر,احمد سيلز
162,2025-11-23,لبيبه عوض عبد العليم فضل,01211116652,425,حج مباشر,احمد سيلز
163,2025-11-23,مديحه محمد فتحي عبد العزيز علي,01111201169,425,حج مباشر,احمد سيلز
164,2025-11-24,محمد بشير علي علي عطيه,01017587968,425,حج مباشر,احمد سيلز
165,2025-11-24,محمد محمد حسين يوسف,01061611600,425,حج مباشر,احمد سيلز
166,2025-11-25,داليا احمد عبدالنبي حسان,01282381802,حج مباشر 425,حج مباشر,شيماء حج
167,2025-11-28,يحي مصطفي عبدالعزيز,01114651516,حج مباشر 425,حج مباشر,Abdalrhman📌
168,2025-11-28,شيماء محمد عبدالحميد متولي,01007049620,495,حج مباشر,احمد سيلز
169,2025-11-29,ناهد احمد شكري شعبان,01227345243,495,حج مباشر,احمد سيلز
170,2025-12-01,وفاء عبدالله عبدالله علي,01090140332,495,حج مباشر,احمد سيلز
171,2025-12-02,ايهاب محمد عبدالله,01122566789,495,حج مباشر,احمد سيلز
172,2025-12-02,محمد صبحي احمد,01006609653,495,حج مباشر,Abdalrhman📌
173,2025-12-29,منى مصطفى عبدالمنعم,01141994703,450,حج مباشر,شيماء حج
174,2025-12-31,لمياء محمود محمد غريب,مش مكتوب في الشات,425,حج مباشر,احمد سيلز
175,2025-10-08,امينه محمد حسن,01124338565,برنامج حج موسم كامل,حج موسم كامل,Abdalrhman📌
176,2025-10-09,عصام السيد ابراهيم / هاله عبد العزيز,01068814404,موسم كامل 275 الف,حج موسم كامل,هنادي
177,2025-10-26,محمد سيد احمد مصطفى,01115610007,موسم كامل,حج موسم كامل,شيماء حج
