ID,Main Product Name,Trip name correction,Destination,Field 5,Field 6
281802,Aswan: Private Nile Boat Cruise and Botanical Garden Visit,Aswan: Private Nile Boat Cruise and Botanical Garden Visit,Aswan,,
773864,Abu Simbel Temple QR Tickets,Abu Simbel Temple QR Tickets,Aswan,,
767767,Abu Simbel Sound & light Show - QR Ticket,Abu Simbel Sound & Light Show - QR Ticket,Aswan,,
767769,Philae Temple Sound & Light Show in Aswan,Philae Temple Sound & Light Show in Aswan,Aswan,,
767749,From Aswan: Explore the Nile on a 4-Day Cruise to Luxor,From Aswan: Explore the Nile on a 4-Day Cruise to Luxor,Aswan,,
17898,Abu Simbel Temple Day Tour,Abu Simbel Temple Day Tour,Aswan,,
1234567,Aswan: Private day tour in Aswan Philae temple - High dam - Unfinished Obelisk,Aswan: Private day tour in Aswan Philae temple - High dam - Unfinished Obelisk,Aswan,,
1912005,transfer from Aswan Airport to Movenpick hotel at aswan ,transfer from Aswan Airport to Movenpick hotel at aswan ,Aswan ,,
985801,Cairo: Private Guided Tour of Khan El Khalili & Old Cairo,Private Guided Tour of Khan El Khalili & Old Cairo,Cairo,,
767770,"Egyptian Civilization Museum, Citadel & Old Cairo Tour","Egyptian Civilization Museum, Citadel & Old Cairo Tour",Cairo,,
767757,Cairo: Oriental Breakfast (Fatir)or Lunch in arabian village,Cairo: Oriental Breakfast (Fatir)or Lunch in arabian village,Cairo,,
528973,"All-inclusive private Trip Pyramids Sphinx, Camel, VIP Lunch","All-inclusive private Trip Pyramids Sphinx, Camel, VIP Lunch",Cairo,,
686027,Cairo: Museum of Islamic Arts QR Tickets & Skip Line,Cairo: Museum of Islamic Arts QR Tickets & Skip Line,Cairo,,
149345," Discover Cairo: Private Day Trip to Museum, Pyramids & Lunch","Discover Cairo: Private Day Trip to Museum, Pyramids & Lunch
",Cairo,,
829930,Cairo Elite: VIP Airport Welcome or Custom Luxury Tour,Cairo Elite: VIP Airport Welcome or Custom Luxury Tour,Cairo,,
506697,Cairo: 5-Day Egypt Itinerary for Cairo and the Pyramids,Cairo: 5-Day Egypt Itinerary for Cairo and the Pyramids,Cairo,,
686028,"Cairo Group Tour: Museum, Pyramids, Sphinx & Lunch","Cairo Tour: Museum, Pyramids, Sphinx & Lunch Experience",Cairo,,
767751,Cairo: Private Airport Pickup or Drop-Off Service,Cairo: Private Airport Pickup or Drop-Off Service,Cairo,,
767732,Chatby Tombs Alexandria Day Tour from Cairo,Chatby Tombs Alexandria Day Tour from Cairo,Cairo,,
686026,Cairo: Sound and light show with Dinner with Pyramids view,Sound and Light Show with Dinner with Pyramids view,Cairo,,
446295,Grand Egyptian Museum QR Ticket,Grand Egyptian Museum QR Ticket,Cairo,,
686040,Cairo: Quad Bike Adventure at Giza Pyramids W/ Camel Ride,Quad Bike Adventure at Giza Pyramids W/ Camel Ride,Cairo,,
278712,Cairo: Customized Full-Day Tour With Free Camel Ride,Cairo: Customized Full-Day Tour With Free Camel Ride,Cairo,,
686021,Cairo: Private Day Tour to Pharaonic Village,Cairo: Private Day Tour to Pharaonic Village,Cairo,,
686024,Cairo: The Coptic Museum QR ticket - Skip The Line,Cairo: The Coptic Museum QR ticket - Skip The Line,Cairo,,
682017,Cairo: Private Pyramids Tour with Photographer and Transfer,Cairo: Private Pyramids Tour with Photographer and Transfer,Cairo,,
515155,National Museum of Egypt Skip-the-Line QR Ticket,National Museum of Egypt Skip-the-Line QR Ticket,Cairo,,
592824,Cairo Sky Adventure: Aerial Tour of the Pyramids & Landmarks,"Private Cairo Aerial Sightseeing Tour
",Cairo,,
686034,Cairo: Pyramids Arabian Horse or Camel Ride with Bedouin Tea,Cairo: Pyramids Arabian Horse or Camel Ride with Bedouin Tea,Cairo,,
407577,"Cairo Deluxe Tour: Pyramids,Museum & Khan El Khalili + Lunch","Cairo Deluxe Tour: Pyramids,Museum & Khan El Khalili + Lunch",Cairo,,
985800,Cairo: Explore Al-Hakim Mosque & Old City with a Guide,Cairo: Explore Al-Hakim Mosque & Old City with a Guide,Cairo,,
461744,Cairo Giza Pyramids: Skip-the-Line Fast Entry Pass,Pyramids of Giza Plateau QR Ticket - Skip The Line,Cairo,,
521725,Ride the Pyramids! Tour + Free Camel & Local Guide,Giza: Half-Day Tour with Pyramids & Camel Experience,Cairo,,
521722,Cairo: Nile Dinner Cruise with Belly Dancer Show and Music,Nile Dinner Cruise with Belly Dancer Show and Music,Cairo,,
447583,Cairo on a Budget: 4-Night Stay & Guided City Highlights,Pyramids and Egyptian Museum Full-Day Tour,Cairo,,
768763,Cairo: Sound and Light Show at Giza Pyramids,Sound and Light Show at Giza Pyramids,Cairo,,
446329,"Cairo: Pyramids, Sphinx & Grand Egyptian Museum with Lunch","Cairo: Pyramids, Sphinx & Grand Egyptian Museum with Lunch",Cairo,,
160502,Egyptian Museum of Antiquities online QR Ticket,Egyptian Museum of Antiquities online QR Ticket,Cairo,,
522328,"Cairo: Giza Pyramids, sphinx and National Museum with Lunch","Giza Pyramids, sphinx and National Museum with Lunch",Cairo,,
523349,Private Customizable Day Tour to Alexandria from Cairo,Private Customizable Day Tour to Alexandria from Cairo,Cairo,,
150248,"Egyptian Civilization Museum, Citadel & Old Cairo Tour","Museum, Pyramids, Sphinx & Authentic Lunch",Cairo,,
521786,"Cairo: Trip Pyramids, Sakkara, & Memphis Tour Lunch","Trip Pyramids, Sakkara, & Memphis Tour Lunch",Cairo,,
985799,Cairo: Guided tour with Mosque of Amr ibn al-As,Guided tour with Mosque of Amr ibn al-As,Cairo,,
521373,Half-Day Private Pyramids Tour with Free Camel Ride,Giza Pyramids & Sphinx Half-Day Guided Tour,Cairo,,
447577,Cairo: Grand Egyptian Museum Tour with Private Hotel Pickup,Cairo: Grand Egyptian Museum Tour with Private Hotel Pickup,Cairo,,
686031,Mummification Museum QR Ticket or Guided tour,Mummification Museum QR Ticket or Guided tour,Cairo,,
686029,"VIP Cairo Experience: Pyramids, ATV Adventure and Camel ride","VIP Cairo Experience: Pyramids, ATV Adventure and Camel ride",Cairo,,
676958,Prince Mohamed Ali Palace Manial QR Tickets,Prince Mohamed Ali Palace Manial QR Tickets,Cairo,,
446349,"Cairo Ladies' Tour: Pyramids, Museum, Female Guide & Camel","Pyramids, Museum & Bazaar + Free Camel",Cairo,,
447813,"Cairo Private Tour: Egyptian Museum, Pyramids & Local Lunch","Cairo Private Tour: Egyptian Museum, Pyramids & Local Lunch",Cairo,,
622230,Cairo–Luxor Sleeper Train Experience: 2 Days or 1-Day Return,Cairo–Luxor Sleeper Train Experience: 2 Days or 1-Day Return,Cairo,,
408766,"Cairo: Private Tour to Giza Pyramids, Sphinx, Saqqara & Memphis","Cairo: Private Tour to Giza Pyramids, Sphinx, Saqqara & Memphis

",Cairo,,
463750,Temple of Hatshepsut QR Ticket - Skip The Line,Temple of Hatshepsut QR Ticket - Skip The Line,Cairo,,
318107,From Cairo: Small-Group Day Trip to Luxor by Plane,Luxor Valley of the Kings Full-Day Trip by Plane Cairo,Cairo,,
690891,Citadel of Salahdin & Mohamed Ali Mosque QR Ticket,Citadel of Salahdin & Mohamed Ali Mosque QR Ticket,Cairo,,
1015781,Memphis - Entry tickets,Memphis - Entry tickets,Cairo,,
6615,kairo-pyramiden-Grosses-Agyptisches-Museum,Cairo Pyramids & Grand Egyptian Museum,Cairo,,
123456,Cairo: Quad Bike Adventure at Giza pyramids with camel ride,Quad Bike Adventure at Giza pyramids with camel ride,Cairo,,
461744,Cairo: Giza Pyramids Skip-the-Line Fast Entry Pass,Cairo: Giza Pyramids - QR Ticket - Skip The Line,Cairo,,
558321,Cairo: Private Tour/Local Bazaars & Khan El Khalili Markets,Cairo: Private Tour/Local Bazaars & Khan El Khalili Markets,Cairo,,
17897,Egypt Package PROGRAM | 06 Nights \ 07 Days,Egypt Package PROGRAM | 06 Nights \ 07 Days,Cairo,,
2001618,"Cairo: Pyramids, Sphinx & Grand Egyptian Museum with Lunch","Cairo: Pyramids, Sphinx & Grand Egyptian Museum with Lunch",Cairo,,
CAI3,Cairo: Customized Full-Day Tour With Free Camel Ride,Cairo: Customized Full-Day Tour With Free Camel Ride,Cairo,,
1115262,Egyptian Museum Cairo: Skip The Line Ticket,Egyptian Museum of Antiquities online QR Ticket,Cairo,,
01201324,Customized Full-Day Private Day,Customized Full-Day Private Day,Cairo,,
4345354,"Private trip to the pyramids, sphinx. ","Private trip to the pyramids, sphinx. ",Cairo,,
569012,Cairo: Private tour to Citadel - Old Cairo - Khan EL-Khalili - Lunch ,Cairo: Private tour to Citadel - Old Cairo - Khan EL-Khalili - Lunch ,Cairo,,
1781992,Egypt Package PROGRAM | 10 Nights \ 11 Days,Egypt Package PROGRAM | 10 Nights \ 11 Days,Cairo,,
867123,Grand Egyptian museum - Citadel - Islamic museum - Khan Elkhalili ,Grand Egyptian museum - Citadel - Islamic museum - Khan Elkhalili ,Cairo,,
9465792134,Cairo Customized Full-Day Tour ,Private Cairo Customized Full-Day Tour ,Cairo,,
189217,Saqqara - Citadel - Cairo airport ,Saqqara - Citadel - Cairo airport ,Cairo,,
27019781,All-inclusive private Trip Sakkara & Dahshur & Memphis  with lunch ,All-inclusive private Trip Sakkara & Dahshur & Memphis  with lunch ,Cairo,,
14976P115,Grand Egyptian Museum QR Ticket in Cairo,Grand Egyptian Museum QR Ticket in Cairo,Cairo,,
9821436577,Cairo: Private Customized Full-Day Tour,Cairo: Private Customized Full-Day Tour,Cairo,,
3456781299,Private transfer from  Cairo to Hurghada,Private transfer from  Cairo to Hurghada,Cairo,,
111122,Egypt Package PROGRAM | 11 Nights \ 12 Days,Egypt Package PROGRAM | 11 Nights \ 12 Days,Cairo ,,
134780,Egypt Package PROGRAM | 07 Nights \ 08 Days,Egypt Package PROGRAM | 07 Nights \ 08 Days,Cairo ,,
36832,Luxury Nile Dinner Cruise in Cairo with Live Entertainment (Nile Maxim),Luxury Nile Dinner Cruise in Cairo  (Nile Maxim),Cairo ,,
36831,5-Star Nile Dinner Cruise in Cairo with Live Entertainment (Nile Pharaoh),Luxury Nile Dinner Cruise in Cairo  (Nile Pharaoh),Cairo ,,
37746,From Cairo: Private All-Inclusive Tour of Luxor by Plane,Luxor Valley of the Kings Full-Day Trip by Plane Cairo,Cairo ,,
276901,Egypt Package PROGRAM | 18 days 17 nights ,Egypt Package PROGRAM | 18 days 17 nights ,Cairo ,,
13944,Giza Complex Skip-the-Line Tickets + Access to Khufu Pyramid,QR Ticket Giza Pyramids Area,Cairo ,,
14015,The Egyptian Museum of Antiquities in Cairo Skip-the-Line Tickets,Egyptian Museum of Antiquities online QR Ticket,Cairo ,,
37746,From Cairo: Private All-Inclusive Tour of Luxor by Plane,Luxor Valley of the Kings Full-Day Trip by Plane Cairo,Cairo ,,
276 937,Egypt Package PROGRAM | 6 days 5 Nights ,Egypt Package PROGRAM | 6 days 5 Nights ,Cairo ,,
548435,Full-Day Cairo Tour – Hotel Pickup Included,Full-Day Cairo Tour – Hotel Pickup Included,Cairo ,,
324516,Private transfer from Cairo airport- Pyramids - Egyptian museum - National museum ,Private transfer from Cairo airport- Pyramids - Egyptian museum - National museum ,Cairo ,,
65983210,Transfer From the Airport to the Hotel,Private Transfer From the Airport to the Hotel,Cairo ,,
65983220,Transfer From the Hotel to the Airport,Private Transfer From the Hotel to the Airport,Cairo ,,
1927005,Transfer from Cairo Airport to Hilton Zamalek ,Transfer from Cairo Airport to Hilton Zamalek ,Cairo ,,
27001199,"All-inclusive private Trip Pyramids Sphinx,  Lunch","All-inclusive private Trip Pyramids Sphinx,  Lunch",Cairo ,,
305108,"Hurghada: 2-Day Luxor Tour with Hotel, Balloon, & Nile Boat","2-Day Luxor Tour with Hotel, Balloon, & Nile Boat",Hurghada,,
28456,"Hurghada: Cairo Pyramids, Sphinx & Egyptian Museum Day Trip",Cairo by Bus Hurghada,Hurghada,,
305063,"Discover Cairo: Pyramids, Museum & Sphinx Tour from Hurghada",Cairo by Bus Hurghada,Hurghada,,
654616,"Hurghada: Mega Jeep safari, ATV & Bedouin vibe, and Dinner","Quad, Jeep, Camel and Buggy Safari with BBQ Dinner",Hurghada,,
26770,Hurghada: Full-Day Tour to Cairo by Plane with Egyptologist,Cairo Pyramids day tour by plane Hurghada,Hurghada,,
297555,Hurghada: Full-Day Trip to Cairo by Plane,Cairo Pyramids day tour by plane Hurghada,Hurghada,,
96546,"Hurghada: ATV Quad Safari, Camel Ride & Bedouin Village Tour",Hurghada Desert Quad Bike Safari,Hurghada,,
21224,From Hurghada: Full-Day Trip to Cairo by Plane,Cairo Pyramids day tour by plane Hurghada,Hurghada,,
22274,Hurghada: Desert Quad Bike and Buggy Adventure with Transfer,Hurghada Desert Quad Bike Safari,Hurghada,,
383140,Hurghada: Jeep and ATV Quad with Dinner & Desert Fire Show,"Quad, Jeep, Camel and Buggy Safari with BBQ Dinner",Hurghada,,
551826,Hurghada: Luxury VIP La Rock Spa & Beauty Salon, Luxury VIP La Rock Spa & Beauty Salon,Hurghada,,
432713,Hurghada: Snorkeling Cruise to Eden Island with Lunch,Snorkeling Cruise to Eden Island with Lunch,Hurghada,,
611893,"Hurghada: Yacht Trip 2 islands, Diving & Snorkeling W Lunch",Orange Bay Day Trip,Hurghada,,
476224,Hurghada: Jerusalem day tour from Hurghada by flight,Hurghada: Jerusalem day tour from Hurghada by flight,Hurghada,,
484822,Hurghada: Full-Day Snorkeling Tour in Sharm El Naga w/Lunch,Full-Day Snorkeling Tour in Sharm El Naga w/Lunch,Hurghada,,
592787,"Hurghada: Safari 5*1 Quad, Stargazing, Horse ride w/ Dinner","Safari 5*1 Quad, Stargazing, Horse ride w/ Dinner",Hurghada,,
654599,Hurghada: Small Group Day Tour to Luxor with Nile Boat,Luxor by Bus Hurghada,Hurghada,,
829926,"Hurghada: Luxor, Karnak Temple & Valley of the Kings",Luxor by Bus Hurghada,Hurghada,,
408737,Hurghada: Neverland Musical Show Entry Tickets with Pickup,Hurghada: Neverland,Hurghada,,
28459,Hurghada: Guided City Highlights Tour with Shopping Stops,"Hurghada City Tour – Private or Shared with Guide & Shopping
",Hurghada,,
484786,Hurghada: Orange Bay Day Trip with Water Sports and Lunch,Orange Bay Day Trip,Hurghada,,
684180,Hurghada: Scuba Diving for Beginners & Certified Divers,Diving & Snorkeling Cruise Tour,Hurghada,,
829931,Safaga Airport transfer with option meet & assist,Safaga Airport transfer with option meet & assist,Hurghada,,
686037,Orange Bay: Beach & Snorkeling Day With lunch & Water Sports,Orange Bay Day Trip,Hurghada,,
22269,"Hurghada: ATV Quad, Jeep and Buggy Safari with BBQ Dinner","Quad, Jeep, Camel and Buggy Safari with BBQ Dinner",Hurghada,,
611823,"Hurghada: Giftun Island with breakfast, lunch & Water Sports",Orange Bay Day Trip,Hurghada,,
442999,Sharm El-Sheikh: City Tour with Optional Seafood Meal,Private City Tour with Seafood at Barbouni Restaurant,Hurghada,,
829932,"El Gouna Lagoon, Diving with Dolphin, Snorkeling & Lunch","El Gouna Lagoon, Diving with Dolphin, Snorkeling",Hurghada,,
767764,Edfu Temple Sound Light Show Entry Ticket with Transfer,Edfu Temple Sound Light Show Entry Ticket with Transfer,Hurghada,,
96537,Hurghada: Dolphin & Coral Reef Snorkeling Tour with Lunch,Dolphin Watching & Snorkeling,Hurghada,,
829925,Hurghada to Cairo: Full-Day Tour one way Bus & Flight Return,Full-Day Tour one way Bus & Flight Return,Hurghada,,
598778,"Hurghada: Unique Bedouin Craft, Handmade and Star Watching","Unique Bedouin Craft, Handmade and Star Watching",Hurghada,,
246912,Hurghada: Empire Submarine Boat Trip with Snorkel and Drinks,Semi-Submarine Cruise with Snorkeling,Hurghada,,
654789,Hurghada: Desert & Sea Horse Riding with + 360° Photos,Desert & Sea Horse Riding,Hurghada,,
830640,Hurghada: Dolphin Watching Boat Tour with Snorkeling & Lunch,Dolphin Watching & Snorkeling,Hurghada,,
444195,Hurghada: Beginners Scuba Diving Full-Day Boat Trip & Lunch,Diving & Snorkeling Cruise Tour,Hurghada,,
684322,Hurghada: Glass Boat & Snorkeling with Optional Parasailing,Semi-Submarine Cruise with Snorkeling,Hurghada,,
443016,Hurghada: Red Sea & Desert Horse Riding Tour with Swimming,Desert & Sea Horse Riding,Hurghada,,
361285,Hurghada: Sea and Mountains Quad or Buggy Family Tour,Sea and Mountains Quad or Buggy Family Tour,Hurghada,,
513680,Hurghada: Scenic Submarine Tour with Snorkeling and Transfer,Semi-Submarine Cruise with Snorkeling,Hurghada,,
432704,Hurghada: Star Watching Desert Adventure by Jeep with Dinner,Stargazing with Candlelight Dinner,Hurghada,,
829928,Luxor: Valley of the Kings and Hatshepsut Temple w/Nile Boat,Luxor by Bus Hurghada,Hurghada,,
48112,Hurghada: Morning or Sunset Sights Guided Tour with Shopping,Morning or Sunset Sights Guided Tour with Shopping,Hurghada,,
447572,From Hurghada: Two-Day Private Tour of Luxor and Abu Simbel,Two-Day Private Tour of Luxor and Abu Simbel,Hurghada,,
529200,Hurghada:Eden Island Full-Day Trip with Water sports & Lunch,Snorkeling Cruise to Eden Island with Lunch,Hurghada,,
648919,Hurghada: Jungle Aqua Park with Lunch & Transfer (Optional),Jungle Aqua Park with Lunch & Transfer (Optional),Hurghada,,
829929,Hurghada: Private Airport Arrival/Departure One Way Transfer,Private Airport Arrival/Departure One Way Transfer,Hurghada,,
686035,Hurghada: Orange Island Yacht Trip with Lunch & Water Sports,Orange Bay Day Trip,Hurghada,,
432718,Private Half-Day Sightseeing Tour to El Gouna from Hurghada,Half-Day Sightseeing Tour to El Gouna from Hurghada,Hurghada,,
485051,Hurghada: Dolphin Cruise with Snorkeling & Buffet Lunch,Dolphin Watching & Snorkeling,Hurghada,,
463817,Hurghada: Cruise to Bianca Island Utopia w/ Transfer & Lunch,Bianca Island Utopia,Hurghada,,
22357,Hurghada: Luxor Valley of the Kings & Tutankhamun Tomb Trip,Luxor by Bus Hurghada,Hurghada,,
648929,"Hurghada: Makadi Water World with Lunch, Transfer (optional)",Makadi Water World with Lunch & Transfers,Hurghada,,
407665,"From Hurghada: Abydos, Osireion, and Dendera Day Tour","Abydos, Osireion, and Dendera Day Tour",Hurghada,,
671438,"Sahl Hasheesh: Desert Stargazing, Candlelight & BBQ Dinner",Stargazing with Candlelight Dinner,Hurghada,,
6708,Hurghada: Luxor Valley of the Kings &amp; Tutankhamun Tomb Day Trip,Luxor by Bus Hurghada,Hurghada,,
6870,"Hurghada: ATV Quad Safari, Camel Ride &amp; Bedouin Village Experience","ATV Quad Safari, Camel Ride & Bedouin Village Tour",Hurghada,,
6619,Ausflug-Safaga-nach-Luxor-mit-Bus,Luxor by Bus Hurghada,Hurghada,,
6616,Delfinschwimmen-Hurghada-Ausflug,Dolphin Watching & Snorkeling,Hurghada,,
6613,Hurghada-Safari-Quadfahren-Kamelreiten,Hurghada Desert Quad Bike Safari,Hurghada,,
6612,Delfinschwimmen-Hurghada-Ausflug,Dolphin Watching & Snorkeling,Hurghada,,
6611,Hurghada-Safari-Quadfahren-Kamelreiten,Hurghada Desert Quad Bike Safari,Hurghada,,
6610,ATV-Quad-biking-Hurghada-bei-Sonnenuntergang,Hurghada Desert Quad Bike Safari,Hurghada,,
6609,3-Stunden-quad-tour-safaga,Hurghada Desert Quad Bike Safari,Hurghada,,
7528,Hurghada to Giza Pyramids: Full-Day Trip with Optional Nile Boat Tour,Cairo by Bus Hurghada,Hurghada,,
305063,From Hurghada: Cairo &amp; Giza Top Attractions Day Tour by Van,Cairo by Bus Hurghada,Hurghada,,
6589,"El Gouna: Lagoon Cruise, Dolphin Diving, Snorkeling &amp; Lunch",Dolphin Watching & Snorkeling,Hurghada,,
6889,Hurghada: Dolphin Watching &amp; Snorkeling Tour with Lunch,Dolphin Watching & Snorkeling,Hurghada,,
830640,Hurghada: Dolphin Watching Boat Tour with Snorkeling & Lunch,Dolphin Watching & Snorkeling,Hurghada,,
7548,From Hurghada: Cairo &amp; Giza Top Attractions Day Tour by Van,Cairo Giza Top Attractions Day Tour by Van,Hurghada,,
6870,"Hurghada: ATV Quad Safari, Camel Ride &amp; Bedouin Village Experience","ATV Quad Safari, Camel Ride & Bedouin Village Experience",Hurghada,,
6697,Hurghada: Quad or Buggy Family Adventure Through Sea &amp; Mountains,Sea and Mountains Quad or Buggy Family Tour,Hurghada,,
6708,Hurghada: Luxor Valley of the Kings &amp; Tutankhamun Tomb Day Trip,Luxor by Bus Hurghada,Hurghada,,
654599,"Hurghada: Cairo Pyramids, Sphinx & Egyptian Museum Day Trip",Luxor by Bus Hurghada,Hurghada,,
484786,Hurghada: Orange Bay Day Trip with Water Sports and Lunch,Orange Bay Day Trip,Hurghada,,
686037,Hurghada: Orange Bay Yacht Tour with Lunch &amp; Water Sports Activities,Orange Bay Day Trip,Hurghada,,
677734,Hurghada: The Grand Museum and Cairo Pyramids by Plane,Cairo Pyramids day tour by plane Hurghada,Hurghada,,
17899,Hurghada: St Anthony and St Paul Monasteries,Hurghada: St Anthony and St Paul Monasteries,Hurghada,,
17896,Paradise Snorkeling day tour by boat,Paradise Snorkeling day tour by boat,Hurghada,,
14976P103,Hurghada Dolphin Watching and Snorkeling Adventure with Lunch,Dolphin Watching & Snorkeling,Hurghada,,
1781994,Private transfer one way from City to City,Private transfer one way from City to City,Hurghada,,
14976P2,Hurghada Cairo Pyramids day tour by plane - Small group,Cairo Pyramids day tour by plane Hurghada,Hurghada,,
14976P129,"Day Tour to Dendera, Osireion &Abydos from Hurghada","Abydos, Osireion, and Dendera Day Tour",Hurghada,,
14976P131,Hurghada 2 Day Luxor Tour with Hotel Balloon and Nile Boat,"2-Day Luxor Tour with Hotel, Balloon, & Nile Boat",Hurghada,,
28220,Hurghada Grand Aquarium & Zoo Tickets with Private Hotel Transfers,Hurghada Grand Aquarium & Zoo Entry Tickets,Hurghada,,
37745,From Hurghada: Full-Day Tour of Luxor Valley of the Kings & Tutankhamun Tomb,Luxor by Bus Hurghada,Hurghada,,
28220,Hurghada Grand Aquarium & Zoo Tickets with Private Hotel Transfers,Hurghada Grand Aquarium & Zoo Entry Tickets,Hurghada,,
38057,From Hurghada or Makadi: Dolphin Watching Boat Tour with Snorkeling & Lunch,Dolphin Watching & Snorkeling,Hurghada,,
38055,From Hurghada: Full-Day Cairo Trip by Plane,Cairo Pyramids day tour by plane Hurghada,Hurghada,,
38048,"From Hurghada: Cairo Pyramids, Sphinx & Egyptian Museum Day Trip",Cairo by Bus Hurghada,Hurghada,,
14976P3,Hurghada: Luxor Valley of the Kings & Tutankhamun Tomb Trip,Luxor by Bus Hurghada,Hurghada,,
14976P7,"Cairo Giza Pyramids, Sphinx & Museum Day Trip from Hurghada",Cairo by Bus Hurghada,Hurghada,,
14976P21,Hurghada: Private Sightseeing Tour in El Gouna with Transfer,Private Sightseeing Tour in El Gouna with Transfer,Hurghada,,
1781993,Hurghada: Dolphin Show for an Hour,Hurghada: Dolphin Show for an Hour,Hurghada,,
1989191,"Hurghada: Cairo Pyramids, Sphinx & Grand  Egyptian Museum Day Trip with Van ","Hurghada: Cairo Pyramids, Sphinx & Grand  Egyptian Museum Day Trip with Van ",Hurghada,,
14976P78,"with Entry Fees Pyramids, Sphinx & Grand Egyptian Museum from Hurghada",Cairo by Bus Hurghada ,Hurghada,,
189218,Hurghada Cairo - Giza pyramids - Grand Egyptian museum - Khan Elkhalili,Hurghada Cairo - Giza pyramids - Grand Egyptian museum - Khan Elkhalili,Hurghada,,
17895,Cairo Overnight tour from Hurghada,Cairo Overnight tour from Hurghada,Hurghada,,
687859493,"Hurghada: Glass Boat Ride, Parasailing, and Snorkeling Adventure","Glass Boat and Snorkeling Trip without Parasailing
",Hurghada,,
14976P11,Hula Hula Island with lunch & Water Sports Adventure,Hula Hula Island with lunch & Water Sports Adventure,Hurghada,,
237689044666,Hurghada: Giftun Island Snorkeling Trip with Buffet Lunch,"Full-Day Trip to Giftun Island & Orange Island With Lunch
",Hurghada,,
46567930200,"Boat Cruise with 2 Intro-dives, Snorkeling, Lunch"," Beginners Scuba Diving Day-Trip with Lunch
",Hurghada,,
14976P22,Hurghada: Desert & Sea Horse Riding Tour w/Optional Swimming,Desert & Sea Horse Riding,Hurghada,,
14976P73,"El Gouna Lagoon, Diving with Dolphin, Snorkeling & Lunch","El Gouna Lagoon, Diving with Dolphin, Snorkeling & Lunch",Hurghada,,
38048,"From Hurghada: Cairo Pyramids, Sphinx & Grand Egyptian Museum Day Trip",Cairo by Bus Hurghada ,Hurghada,,
14976P79,"Orange Bay, Snorkeling, Water Sports, Lunch & Drinks",Orange Bay Day Trip,Hurghada,,
456789123,Private transfer from Hurghada to Cairo and hotel accommodation,Private transfer from Hurghada to Cairo and hotel accommodation,Hurghada,,
785689123,Private transfer from Hurghada to Cairo and hotel accommodation,Private transfer from Hurghada to Cairo and hotel accommodation,Hurghada,,
767742,Luxor: Caravanserai private Day Tour,Luxor: Caravanserai private Day Tour,Luxor,,
649011,Luxor: Luxor Museum Entry Tickets or Guided Tour,Luxor: Luxor Museum Entry Tickets or Guided Tour,Luxor,,
623948,Luxor Full-Day Tour – East & West Bank W/ Free Carriage Ride,"Luxor Full-Day Tour – East & West Bank
",Luxor,,
272627,Luxor East Bank: Private Half-Day Tour + Free Carriage Ride,"Luxor East Bank: Private Half-Day Tour + Free Carriage Ride
",Luxor,,
346421,Luxor: Private Full-Day Customized Tour With Carriage Ride,Full-Day Private Custom Tour W/Free Carriage Ride,Luxor,,
1781995,From Luxor: Explore the Nile on a 5-Day Cruise to Aswan,From Luxor: Explore the Nile on a 5-Day Cruise to Aswan,Luxor,,
36554,From Luxor: Full-Day All-Inclusive Tour to Luxor West and East Banks with Lunch,"Luxor Full-Day Tour – East & West Bank
",Luxor,,
36552,Half-Day West Bank Guided Tour including Valley of the Kings and Hatshepsut Temple with Lunch,Luxor: Half-Day West Bank Guided Tour,Luxor,,
36568,From Luxor: Half-Day East Bank Guided Tour with Karnak and Luxor Temple Visits and Lunch,Luxor: Half-Day East Bank Guided Tour,Luxor,,
494983,Private day trip in Luxor west bank Hatshepsut - Valley kings -n Colossi memnon,Private day trip in Luxor west bank Hatshepsut - Valley kings -n Colossi memnon,Luxor,,
767747,Luxor Temple Skip-the-Line QR Ticket default,Luxor Temple Skip-the-Line QR Ticket,Luxor ,,
767761,Karnak Temple Sound & Light Show QR Ticket with Transfer,Karnak Temple Sound & Light Show QR Ticket with Transfer,Luxor ,,
8906543,Private Transfer from Luxor to Aswan ,Private transfer from Luxor to Aswan ,Luxor ,,
494982,Private day trip in Luxor East bank  Karnak & Luxor temple ,Private day trip in Luxor East bank  Karnak & Luxor temple ,Luxor ,,
270099,Luxor 3 hours private tour to Karnak temple ,Luxor 3 hours private tour to Karnak temple ,Luxor ,,
444061,"Marsa Alam Bedouin Nights: Jeep Safari, Dinner & Stargazing",Marsa Alam: Desert Stargazing Tour with Camel Ride & Dinner,Marsa Alam,,
291325,From Marsa Alam: Private Day Trip to Luxor by Car,Luxor by Bus Hurghada,Marsa Alam,,
188934,Marsa Alam: Ancient Cairo & Giza Pyramids Day Trip by Plane,Cairo Pyramids day tour by plane Marsa Alam,Marsa Alam,,
484807,Marsa Alam: Hamata Island Snorkeling Trip with Lunch,Marsa Alam: Hamata Island Snorkeling Trip with Lunch,Marsa Alam,,
188418,Marsa Alam: Valley of the Kings & Karnak Temples Luxor Tour,Luxor by Bus Hurghada,Marsa Alam,,
686042,Marsa Alam: Snorkeling with Sea Turtles Marsa Mubarak,Marsa Alam: Snorkeling with Sea Turtles Marsa Mubarak,Marsa Alam,,
614551,Marsa Alam:Sataya Reefs Dolphin Snorkeling Cruise with Lunch,Marsa Alam:Sataya Reefs Dolphin Snorkeling Cruise with Lunch,Marsa Alam,,
686022,Marsa Alam: Dolphin House Adventure at Shaab Samadai Reef,Dolphin House Adventure at Shaab Samadai Reef,Marsa Alam,,
6614,Ausflug-von-Marsa-Alam-nach-Luxor,Luxor by Bus Hurghada,Marsa Alam,,
545432,Three Nights Nile cruise: Aswan day tour from Nile cruise to ( Philae temple - High dam - unfinished obelisk ) back to the Cruise again,Three Nights Nile cruise: Aswan day tour from Nile cruise to ( Philae temple - High dam - unfinished obelisk ) back to the Cruise again,Nile cruise,,
676742,Three nights N.cruise from Aswan : Private visit from the Nile cruise: sailing to komombo and Edfu then back to the cruise again,Private visit from the Nile cruise sailing to komombo and Edfu then back to the cuise again,Nile Cruise ,,
905642,Three nights N.cruise : Luxor West Bank from Nile cruise to (hatshepsut - valley of the kings - colossi of memnon) then back to the cruise again,Three nights N.cruise : Luxor West Bank from Nile cruise to (hatshepsut - valley of the kings - colossi of memnon) then back to the cruise again,Nile cruise ,,
3232110,Three Night Nile cruise: Luxor East bank from Nile cruise to (Karnak temple - Luxor temple) back to the cruise again,Three Night Nile cruise: Luxor East bank from Nile cruise to (Karnak temple - Luxor temple) back to the cruise again,Nile cruise ,,
844927,From Sharm El-Sheikh: Cairo Day Tour to Pyramids By Bus,Cairo Day Tour to Pyramids By Bus,Sharm El-Sheikh,,
575994,Sharm El Sheikh: ATV Dunes & Waves Adventure with Lunch,ATV Dunes & Waves with Lunch,Sharm El-Sheikh,,
844930,"Sharm El-Sheikh:City Tour, Fares Seafood Restaurant Optional",Sharm El Sheikh: City & Shopping Tour,Sharm El-Sheikh,,
596660,"Sharm El-Sheikh: Jeep Adventure to Blue Hole, Canyon & Dahab","Jeep Adventure to Blue Hole, Canyon & Dahab",Sharm El-Sheikh,,
437576,"Sharm El-Sheikh: Ultimate ATV Quad, Stargazing & BBQ Dinner",Sharm El-Sheikh: Stargazing,Sharm El-Sheikh,,
325593,From Sharm ElSheikh: The Lost City (Petra) Day Tour by Ferry,The Lost City (Petra) Day Tour by Ferry,Sharm El-Sheikh,,
515712,Sharm El-Sheikh: Desert Buggy Safari Adventure,Sharm ElSheikh: Desert Safari 3 Hours Trip,Sharm El-Sheikh,,
407583,Sharm El-Sheikh: Ras Mohamed & White Island Snorkeling Trip,Sharm El-Sheikh: Ras Mohammed National Park,Sharm El-Sheikh,,
276007,Sharm El-Sheikh: Ras Mohamed & White Island Snorkeling Trip,Sharm El-Sheikh: Ras Mohamed & White Island Snorkeling Trip,Sharm El-Sheikh,,
208317,Sharm El-Sheikh: Ras Mohamed Half Day Tour & Allah's gate,Sharm El-Sheikh: Ras Mohammed National Park,Sharm El-Sheikh,,
437602,Sharm El-Sheikh: Morning Desert ATV Quad & Buggy Adventure,Sharm ElSheikh: Desert Safari 3 Hours Trip,Sharm El-Sheikh,,
322233,Sharm El Sheikh: Trip to Luxor & Tutankhamun Tomb by Plane,Luxor Valley of the Kings Full-Day Trip by Plane Sharm,Sharm El-Sheikh,,
437746,Sharm el-Sheikh Museum Entry Ticket & Private Hotel Transfer,Sharm el-Sheikh Museum Entry Ticket & Private Hotel Transfer,Sharm El-Sheikh,,
503557,From Sharm: Ras Muhammed & White Island By Boat & intro Dive,Sharm El-Sheikh: Ras Mohammed National Park,Sharm El-Sheikh,,
502836,Sharm El-Sheikh: Cairo Full-Day Meet The Pharaohs by Flight,Sharm El-Sheikh - Cairo Flight,Sharm El-Sheikh,,
654658,One-Way Journey from Sharm El Sheikh to Hurghada,One-Way Journey from Sharm El Sheikh to Hurghada,Sharm El-Sheikh,,
437716,"Sharm El-Sheikh: Camel Riding, Stargazing, BBQ Dinner & Show",Sharm El-Sheikh: Stargazing,Sharm El-Sheikh,,
22629,From Sharm El-Sheikh: Cairo's Pyramids: Full-Day Journey,Sharm El-Sheikh - Cairo Flight,Sharm El-Sheikh,,
515721,Sharm El Sheikh: Cleopatra Bath with Deluxe Spa Treatments,Sharm El Sheikh: Cleopatra Bath with Deluxe Spa Treatments,Sharm El-Sheikh,,
844940,Sharm El Sheikh: Private City Tour W Water Sports Adventure,Sharm El Sheikh: Private City Tour W Water Sports Adventure,Sharm El-Sheikh,,
844926,Sharm El Sheikh: Mount Sinai & St. Catherine Monastery Tour,Mount Sinai & St. Catherine Monastery Tour,Sharm El-Sheikh,,
510878,Sharm El-Sheikh Port to Ras Mohamed National Park by Car,Sharm El-Sheikh Port to Ras Mohamed National Park by Car,Sharm El-Sheikh,,
686033,Sharm El-Sheikh: Ghibli Raceway Day Trip,Sharm El-Sheikh: Ghibli Raceway Day Trip,Sharm El-Sheikh,,
985803,Sharm El-Sheikh: Stargazing with Luxury Dinner,Sharm El-Sheikh: Stargazing with Luxury Dinner,Sharm El-Sheikh,,
447809,From Sharm El-Sheikh: Giza Day Trip with Lunch and Transfer,Sharm El-Sheikh - Cairo Flight,Sharm El-Sheikh,,
654715,Sharm El-Sheikh: Ras Mohammed & White Island Cruise,Sharm El-Sheikh: Ras Mohammed National Park,Sharm El-Sheikh,,
683259,Sharm El-Sheikh:King Tut Museum QR Ticket with Optional Tour,King Tut Museum QR Ticket with Optional Tour,Sharm El-Sheikh,,
503045,Sharm El-Sheikh: Airport One-Way Private Hotel Transfer,Sharm El-Sheikh: Airport One-Way Private Hotel Transfer,Sharm El-Sheikh,,
648980,Sharm El-Sheikh: ATV and Camel Ride with BBQ Dinner and Show,Sharm El-Sheikh: Stargazing,Sharm El-Sheikh,,
844932,Sharm El Sheikh: Private City Tour with Seafood Dinner,Sharm El Sheikh: City & Shopping Tour,Sharm El-Sheikh,,
596633,Sharm ElSheikh: ATV Quad & Buggy Adventure Sunrise or Sunset,Sharm ElSheikh: Desert Safari 3 Hours Trip,Sharm El-Sheikh,,
1015784,Sharm El-Sheikh : Horse Riding on the Beach,Sharm El-Sheikh : Horse Riding on the Beach,Sharm El-Sheikh,,
844942,Sharm El Sheikh: Swimming With Dolphin & Show,Sharm El Sheikh: Swimming With Dolphin & Show,Sharm El-Sheikh,,
1015788,Nights of Dahab from Sharm El-Sheikh & Dinner on the Beach,Nights of Dahab from Sharm El-Sheikh & Dinner on the Beach,Sharm El-Sheikh,,
7720,Sharm El-Sheikh: Ras Mohamed Half Day Tour & Allah's gate,Sharm El-Sheikh: Ras Mohammed National Park,Sharm El-Sheikh,,
7804,"Sharm El-Sheikh: Off-Road Jeep Adventure to the Blue Hole, Canyon, and Dahab","Sharm El-Sheikh: Off-Road Jeep Adventure to the Blue Hole, Canyon, and Dahab",Sharm El-Sheikh,,
7784,Sharm El-Sheikh: City Tour &amp; Shopping Experience with Old Market Visit,Sharm El Sheikh: City & Shopping Tour,Sharm El-Sheikh,,
14976P1,Cairo 1 Day Tour by Plane from Sharm El Sheikh,Cairo Pyramids day tour by plane Sharm El-Sheikh,Sharm El-Sheikh,,
6617,von-Sharm-El-Sheik-zu-den-Pyramiden-Flugzeug-Tagestrip,Sharm El-Sheikh - Cairo Flight,Sharm El-Sheikh,,
7324,From Sharm El-Sheikh: Full-Day Cairo Tour to the Pyramids by Bus,Full-Day Cairo Tour to the Pyramids by Bus,Sharm El-Sheikh,,
7441,From Sharm El-Sheikh: Full-Day Pyramids &amp; Cairo Tour by Plane,Full-Day Pyramids Cairo Tour by Plane,Sharm El-Sheikh,,
7728,From Sharm: Ras Muhammed & White Island By Boat & intro Dive,Ras Mohammed & White Island Boat Trip with Intro Dive,Sharm El-Sheikh,,
7655,Sharm El-Sheikh: Private One-Way Hotel Transfer from Airport,Sharm El-Sheikh: Private One-Way Hotel Transfer from Airport,Sharm El-Sheikh,,
502836,From Sharm El-Sheikh: Cairo's Pyramids: Full-Day By Flight,Sharm El-Sheikh - Cairo Flight,Sharm El-Sheikh,,
7784,Sharm El-Sheikh: City Tour &amp; Shopping Experience with Old Market Visit,Sharm El Sheikh: City & Shopping Tour,Sharm El-Sheikh,,
7773,Sharm ElSheikh: ATV Quad & Buggy Adventure Sunrise or Sunset,Sharm El-Sheikh: ATV Quad &amp; Buggy Adventure at Sunrise or Sunset,Sharm El-Sheikh,,
7720,Sharm El-Sheikh: Ras Mohamed Half Day Tour & Allah's gate,Sharm El-Sheikh: Ras Mohammed National Park,Sharm El-Sheikh,,
7655,Sharm El-Sheikh: Private One-Way Hotel Transfer from Airport,Sharm El-Sheikh: Private One-Way Hotel Transfer from Airport,Sharm El-Sheikh,,
7814,"Sharm El-Sheikh: Thrilling ATV Quad Adventure, Stargazing &amp; BBQ Feast","Sharm El-Sheikh: Thrilling ATV Quad Adventure, Stargazing &amp; BBQ Feast",Sharm El-Sheikh,,
7804,"Sharm El-Sheikh: Off-Road Jeep Adventure to the Blue Hole, Canyon, and Dahab","Sharm El-Sheikh: Off-Road Jeep Adventure to the Blue Hole, Canyon, and Dahab",Sharm El-Sheikh,,
7784,Sharm El-Sheikh: City & Shopping Tour With Old Market Visit,Sharm El-Sheikh: City Tour &amp; Shopping Experience with Old Market Visit,Sharm El-Sheikh,,
437576,"Sharm El-Sheikh: Ultimate ATV Quad, Stargazing & BBQ Dinner",Sharm El-Sheikh: Stargazing,Sharm El-Sheikh,,
677972,Sharm El-Sheikh: Albatros Aqua Park with Lunch & Transfers,Albatros Aqua Park with Lunch & Transfers,Sharm El-Sheikh,,
195848,Sharm El-Sheikh: Seascope Submarine boat cruise with pickup,Seascope Submarine boat cruise with pickup,Sharm El-Sheikh,,
1258689,Sharm El-Sheikh: Cafe & restaurant - Farsha or New Panorama,Cafe & restaurant - Farsha or New Panorama,Sharm El-Sheikh,,
4429990,Sharm El-Sheikh: City Tour without Optional Seafood Meal,City Tour without Optional Seafood Meal,Sharm El-Sheikh,,
14976P1,From Sharm El-Sheikh: Cairo's Pyramids: Full-Day By Flight,Sharm El-Sheikh - Cairo Flight,Sharm El-Sheikh,,
14976P114,Sharm El-Sheikh : Full-Day Tour of Cairo and Pyramids by Bus,Cairo Day Tour to Pyramids By Bus,Sharm El-Sheikh,,
171717,Moses Mountain & Saint Catherine from Dahab,Moses Mountain & Saint Catherine from Dahab,Sharm El-Sheikh,,
27026178,Sharm El-Sheikh: Ras Mohamed & White Island Snorkeling Trip private transfer with ATV Quade and sand board and Camel   ,Sharm El-Sheikh: Ras Mohamed & White Island Snorkeling Trip private transfer with ATV Quade and sand board and Camel   ,Sharm El-Sheikh,,
337766987,Sharm El-Sheikh Transfer Customized ,Sharm El-Sheikh Transfer Customized ,Sharm El-Sheikh,,
98765432,Sharm El-Sheikh Ras Muhammed & White Island By Boat & intro Dive,Sharm El-Sheikh: Ras Mohammed National Park,Sharm El-Sheikh,,
270708,Package for 11 days 10 Nights Sharm & Luxor & Cairo ,Package for 11 days 10 Nights Sharm & Luxor & Cairo ,Sharm El-Sheikh,,