Product ID,Product Name,Description,Active,Use Timeslots,Is Refundable,Provides Pricing,Cutoff Time,Max Tickets,Required Order Data,Required Visitor Data,Adult Price,Child Price,Currency,Daily Capacity,Tickets Table Name,Ticket View Name
1115096,Cairo: Dinner at The Great Pyramid Inn + Transfers,Tiqets start time: 18:00,True,True,True,True,24,100,pickup_location,"full_name, email, phone",70,70,USD,100,,
1115262,Egyptian Museum Cairo: Skip The Line Ticket,,True,,,True,0,15,,"full_name, email, phone",15,15,USD,200,,
1115717,Grand Egyptian Museum: Guided Tour + Transfers,,True,,True,True,24,10,pickup_location,"full_name, email, phone",90,90,USD,10,,
1115844,Cairo: Guided Tour + Opera House Entry + Roundtrip Transfer,,True,,True,True,24,10,pickup_location,"full_name, email, phone",95,95,USD,10,,
1115845,Amr ibn al-As Mosque: Guided Tour + Roundtrip Transfer,,True,,True,True,24,10,pickup_location,"full_name, email, phone",85,85,USD,10,,
1115884,"Giza Pyramids, Sphinx & National Museum: Guided Tour + Transfer + Lunch",,True,,True,True,24,10,pickup_location,"full_name, email, phone",130,130,USD,10,,
1116286,Cairo: Nile Crystal Dinner Cruise + Dance & Music Show + Optional Transfers,Tiqets start time: 18:00,True,True,True,True,24,10,,"full_name, email, phone",27,27,USD,10,,
1116288,Egyptian Museum Cairo & National Museum of Egyptian Civilization: Private Tour,,True,,True,True,24,10,,"full_name, email, phone",100,100,USD,10,,
1116558,Al-Hakim Mosque Cairo: Guided Tour + Roundtrip Transport,,True,,True,True,24,10,pickup_location,"full_name, email, phone",85,85,USD,10,,
1118070,Giza Pyramids & Sphinx: Half-Day Guided Tour + Roundtrip Transfer,,True,,True,True,24,8,pickup_location,"full_name, email, phone",55,55,USD,8,,
1118071,Giza Pyramids & Sphinx: Guided Tour + Transfers + Lunch + Camel Ride,,True,,True,True,24,10,pickup_location,"full_name, email, phone",76,76,USD,10,,
1118072,"Egyptian Museum Cairo, Giza Pyramids & Sphinx: Guided Tour + Transfer + Lunch",Tiqets start time: 08:00,True,True,True,True,24,10,pickup_location,"full_name, email, phone",95,95,USD,10,,
1119806,Pyramids of Giza Plateau: Skip the Line Ticket,,True,,,True,0,100,,"full_name, email, phone",18,18,USD,100,,
1121949,Pyramids of Giza & The Great Pyramid: Entry Ticket + Transfers,,True,,,True,0,20,pickup_location,"full_name, email, phone",68,68,USD,20,,
1121988,Pyramids of Giza: Quad or Camel Ride + Transfers & Optional Entry Ticket,Tiqets start time: 09:00,True,True,,True,0,10,pickup_location,"full_name, email, phone",26,26,USD,10,,
1122152,Pyramids of Giza & Grand Egyptian Museum: Entry + Transfers + Optional Guide,Tiqets start time: 08:00,True,True,,True,0,50,pickup_location,"full_name, email, phone",58,58,USD,50,,
1122160,Pyramids of Giza: Guided Tour + Quad or Camel Ride + Transfers,Tiqets start time: 08:00,True,True,,True,0,50,pickup_location,"full_name, email, phone",64,64,USD,50,,
1123804,Grand Egyptian Museum: Skip The Line Ticket,,True,,,True,0,100,,"full_name, email, phone",35,35,USD,100,,
1128083,Saladin Citadel & Mosque of Muhammad Ali: Skip The Line Ticket,,True,,,True,0,15,,"full_name, email, phone",14,14,USD,200,,
1128180,Saqqara Necropolis: Entry Ticket,Tiqets start time: 08:00,True,True,True,True,24,15,,"full_name, email, phone",16,16,USD,200,,
1129083,Cairo: Nile Pharaohs Dinner Cruise + Optional Transfer & Drinks,,True,,True,True,24,50,,"full_name, email, phone",47.8,47.8,USD,50,,
1129181,Cairo: Nile Maxim Dinner Cruise + Belly Dance & Tanura + Optional Transfers,Tiqets start time: 20:00,True,True,True,True,24,50,,"full_name, email, phone",75,75,USD,50,,
1132517,Grand Egyptian Museum: Entry Ticket + Hotel Transfers + Nile Dinner Cruise,,True,,True,True,24,100,pickup_location,"full_name, email, phone",110,110,USD,100,,
1132779,Luxor Temple: Skip The Line Ticket,,True,,,True,0,15,,"full_name, email, phone",13,13,USD,200,,
